"","remote","sal_med","sd","len","se","CI99","y_loc"
"1","greater than 20% but less than 80% remote workers",138500,45410.2919611843,6,18538.6740626184,47755.624385305,0.00000635701453359798
"2","greater than 80% remote workers",135000,61912.1263454432,51,8669.43174813499,22332.4561831957,0.00000438050493528135
"3","less than 20% remote workers",104500,57321.8337235348,8,20266.3286679796,52206.0626487154,0.00000601033290079795
