"","employment_type","salary_in_usd_median","sd","len","se","CI99","emp_type"
"1","CT",65937.5,48171.6494683335,2,34062.5,87745,"Contract"
"2","FT",59102,44532.396626817,79,5010.28606440707,12906.4969019126,"Full Time"
"3","PT",15966,32118.6100904578,7,12139.6935366287,31271.8505503556,"Part Time"
