"","cp_loc","salary_in_usd_median","sd","len","se","CI99"
"1","Canada",102887,63702.4139802933,4,31851.2069901466,82048.7092066178
"2","Germany",63831,15525.6940048854,3,8963.76361307632,23090.6550672846
"3","India",31021.5,20593.5329654724,6,8407.27462776533,21657.1394411235
"4","United Kingdom",65438,29541.3969781082,11,8907.06632357489,22944.6028495289
"5","United States",132320,60227.2586796852,65,7470.27204537035,19243.420788874
